BT-Tracker,Tracker/tests/test_event.py::TestEvent::test_object,SHA: 558c15b399871c1ca11d0c4ae1eb598e3060931e
Breathe,tests/test_loading.py::test_loading,SHA: 7bf0a53acf158e78cd118bc2c98dc71106bdcb49
",",
Breathe,tests/test_loading.py::test_reloading,SHA: 7bf0a53acf158e78cd118bc2c98dc71106bdcb49
Breathe,tests/test_merger.py::test_context_commands,SHA: 7bf0a53acf158e78cd118bc2c98dc71106bdcb49
Breathe,tests/test_merger.py::test_core_commands,SHA: 7bf0a53acf158e78cd118bc2c98dc71106bdcb49
Breathe,tests/test_merger.py::test_invalid,SHA: 7bf0a53acf158e78cd118bc2c98dc71106bdcb49
Breathe,tests/test_merger.py::test_noccr_commands,SHA: 7bf0a53acf158e78cd118bc2c98dc71106bdcb49
IOCynergy,cynergy/tests/test_register_multiple.py::test_register_multiple,SHA: 1821423680f741d8ca06bcc6a02c8b21156f9ba0
LabIFSC,tests/medida_test.py::test_medida_si_2,SHA: cb56b75f51eb54680d0b81f4c87aa0234538a2a8
LabIFSC,tests/medida_test.py::test_medida_si_3,SHA: cb56b75f51eb54680d0b81f4c87aa0234538a2a8
NestedDictionary,easy_dict/tests/test_01_default.py::test_del,SHA: 881f0ea8af36a60fcd1b9d7a84b1aec4cd7072b2
OccamTools,test/test_occam_data.py::test_occam_data_progress_bars,SHA: fcaaac4fb7257605d5675c1a66f6a020373258a8
OccamTools,test/test_occam_data.py::test_occam_data_progress_bars,SHA: fcaaac4fb7257605d5675c1a66f6a020373258a8
OccamTools,test/test_occam_data.py::test_occam_data_progress_bars,SHA: fcaaac4fb7257605d5675c1a66f6a020373258a8
OccamTools,test/test_occam_data.py::test_occam_data_progress_bars,SHA: fcaaac4fb7257605d5675c1a66f6a020373258a8
Tale,tests/test_pubsub.py::TestPubsub::test_unsubscribe_all,SHA: a2a26443465ab6978b32d9253e833471500e7b68
alphanum_code,tests/test_alphanum_code.py::test_next_code,SHA: fb5cd313dc41f046aac01ff01d6e1561d17894a6
autoclasswrapper,tests/test_output.py::TestOutputClass::test_write_dendrogram,SHA: af43dd833e5586386098d1793a59332e968069da
autodiscover,tests/test_autodiscover.py::TestAutoDiscover::test_autodiscover_with_pattern,SHA: ac470c758afa11b8008c20c5eead29219720d329
py-autodoc,tests/test_autodoc.py::TestAutodoc::test_create_document,SHA: a31c36bb19da26931424ee7e118daae5543352b0
py-autodoc,tests/test_autodoc.py::TestAutodoc::test_parse_response,SHA: a31c36bb19da26931424ee7e118daae5543352b0
py-autodoc,tests/test_autodoc.py::TestAutodoc::test_parse_response,SHA: a31c36bb19da26931424ee7e118daae5543352b0
py-autodoc,tests/test_autodoc.py::TestAutodoc::test_parse_response,SHA: a31c36bb19da26931424ee7e118daae5543352b0
py-autodoc,tests/test_autodoc.py::TestAutodoc::test_parse_response,SHA: a31c36bb19da26931424ee7e118daae5543352b0
py-autodoc,tests/test_autodoc.py::TestAutodoc::test_parse_response,SHA: a31c36bb19da26931424ee7e118daae5543352b0
py-autodoc,tests/test_autodoc.py::TestAutodoc::test_parse_response,SHA: a31c36bb19da26931424ee7e118daae5543352b0
py-autodoc,tests/test_autodoc.py::TestAutodoc::test_parse_response,SHA: a31c36bb19da26931424ee7e118daae5543352b0
py-autodoc,tests/test_autodoc.py::TestAutodoc::test_parse_response,SHA: a31c36bb19da26931424ee7e118daae5543352b0
py-autodoc,tests/test_autodoc.py::TestAutodoc::test_parse_response,SHA: a31c36bb19da26931424ee7e118daae5543352b0
py-autodoc,tests/test_autodoc.py::TestAutodoc::test_parse_response,SHA: a31c36bb19da26931424ee7e118daae5543352b0
py-autodoc,tests/test_autodoc.py::TestAutodoc::test_parse_response,SHA: a31c36bb19da26931424ee7e118daae5543352b0
py-autodoc,tests/test_autodoc.py::TestAutodoc::test_parse_response,SHA: a31c36bb19da26931424ee7e118daae5543352b0
py-autodoc,tests/test_autodoc.py::TestAutodoc::test_parse_response,SHA: a31c36bb19da26931424ee7e118daae5543352b0
py-autodoc,tests/test_autodoc.py::TestAutodoc::test_parse_response,SHA: a31c36bb19da26931424ee7e118daae5543352b0
py-autodoc,tests/test_autodoc.py::TestAutodoc::test_parse_response,SHA: a31c36bb19da26931424ee7e118daae5543352b0
py-autodoc,tests/test_autodoc.py::TestAutodoc::test_parse_response,SHA: a31c36bb19da26931424ee7e118daae5543352b0
py-autodoc,tests/test_autodoc.py::TestAutodoc::test_parse_response,SHA: a31c36bb19da26931424ee7e118daae5543352b0
py-autodoc,tests/test_autodoc.py::TestAutodoc::test_parse_response,SHA: a31c36bb19da26931424ee7e118daae5543352b0
py-autodoc,tests/test_autodoc.py::TestAutodoc::test_parse_response,SHA: a31c36bb19da26931424ee7e118daae5543352b0
py-autodoc,tests/test_autodoc.py::TestAutodoc::test_parse_response,SHA: a31c36bb19da26931424ee7e118daae5543352b0
py-autodoc,tests/test_autodoc.py::TestAutodoc::test_parse_response,SHA: a31c36bb19da26931424ee7e118daae5543352b0
py-autodoc,tests/test_autodoc.py::TestAutodoc::test_parse_response,SHA: a31c36bb19da26931424ee7e118daae5543352b0
py-autodoc,tests/test_autodoc.py::TestAutodoc::test_parse_response,SHA: a31c36bb19da26931424ee7e118daae5543352b0
py-autodoc,tests/test_autodoc.py::TestAutodoc::test_parse_response,SHA: a31c36bb19da26931424ee7e118daae5543352b0
py-autodoc,tests/test_autodoc.py::TestAutodoc::test_parse_response,SHA: a31c36bb19da26931424ee7e118daae5543352b0
py-autodoc,tests/test_autodoc.py::TestAutodoc::test_parse_response,SHA: a31c36bb19da26931424ee7e118daae5543352b0
py-autodoc,tests/test_autodoc.py::TestAutodoc::test_parse_response,SHA: a31c36bb19da26931424ee7e118daae5543352b0
py-autodoc,tests/test_autodoc.py::TestAutodoc::test_parse_response,SHA: a31c36bb19da26931424ee7e118daae5543352b0
py-autodoc,tests/test_autodoc.py::TestAutodoc::test_parse_response,SHA: a31c36bb19da26931424ee7e118daae5543352b0
py-autodoc,tests/test_autodoc.py::TestAutodoc::test_parse_response,SHA: a31c36bb19da26931424ee7e118daae5543352b0
py-autodoc,tests/test_autodoc.py::TestAutodoc::test_parse_response,SHA: a31c36bb19da26931424ee7e118daae5543352b0
py-autodoc,tests/test_autodoc.py::TestAutodoc::test_parse_response,SHA: a31c36bb19da26931424ee7e118daae5543352b0
py-autodoc,tests/test_autodoc.py::TestAutodoc::test_parse_response,SHA: a31c36bb19da26931424ee7e118daae5543352b0
py-autodoc,tests/test_autodoc.py::TestAutodoc::test_parse_response,SHA: a31c36bb19da26931424ee7e118daae5543352b0
py-autodoc,tests/test_autodoc.py::TestAutodoc::test_parse_responses,SHA: a31c36bb19da26931424ee7e118daae5543352b0
py-autodoc,tests/test_autodoc.py::TestAutodoc::test_parse_responses,SHA: a31c36bb19da26931424ee7e118daae5543352b0
py-autodoc,tests/test_autodoc.py::TestAutodoc::test_parse_responses,SHA: a31c36bb19da26931424ee7e118daae5543352b0
py-autodoc,tests/test_autodoc.py::TestAutodoc::test_parse_responses,SHA: a31c36bb19da26931424ee7e118daae5543352b0
py-autodoc,tests/test_autodoc.py::TestAutodoc::test_parse_responses,SHA: a31c36bb19da26931424ee7e118daae5543352b0
py-autodoc,tests/test_autodoc.py::TestAutodoc::test_parse_responses,SHA: a31c36bb19da26931424ee7e118daae5543352b0
py-autodoc,tests/test_autodoc.py::TestAutodoc::test_parse_responses,SHA: a31c36bb19da26931424ee7e118daae5543352b0
py-autodoc,tests/test_autodoc.py::TestAutodoc::test_parse_responses,SHA: a31c36bb19da26931424ee7e118daae5543352b0
py-autodoc,tests/test_autodoc.py::TestAutodoc::test_parse_responses,SHA: a31c36bb19da26931424ee7e118daae5543352b0
py-autodoc,tests/test_autodoc.py::TestAutodoc::test_parse_responses,SHA: a31c36bb19da26931424ee7e118daae5543352b0
py-autodoc,tests/test_autodoc.py::TestAutodoc::test_parse_responses,SHA: a31c36bb19da26931424ee7e118daae5543352b0
py-autodoc,tests/test_autodoc.py::TestAutodoc::test_parse_responses,SHA: a31c36bb19da26931424ee7e118daae5543352b0
py-autodoc,tests/test_autodoc.py::TestAutodoc::test_parse_responses,SHA: a31c36bb19da26931424ee7e118daae5543352b0
py-autodoc,tests/test_autodoc.py::TestAutodoc::test_parse_responses,SHA: a31c36bb19da26931424ee7e118daae5543352b0
py-autodoc,tests/test_autodoc.py::TestAutodoc::test_parse_responses,SHA: a31c36bb19da26931424ee7e118daae5543352b0
py-autodoc,tests/test_autodoc.py::TestAutodoc::test_parse_responses,SHA: a31c36bb19da26931424ee7e118daae5543352b0
py-autodoc,tests/test_autodoc.py::TestAutodoc::test_parse_responses,SHA: a31c36bb19da26931424ee7e118daae5543352b0
py-autodoc,tests/test_autodoc.py::TestAutodoc::test_parse_responses,SHA: a31c36bb19da26931424ee7e118daae5543352b0
py-autodoc,tests/test_autodoc.py::TestAutodoc::test_parse_responses,SHA: a31c36bb19da26931424ee7e118daae5543352b0
py-autodoc,tests/test_autodoc.py::TestAutodoc::test_parse_responses,SHA: a31c36bb19da26931424ee7e118daae5543352b0
py-autodoc,tests/test_autodoc.py::TestAutodoc::test_parse_responses,SHA: a31c36bb19da26931424ee7e118daae5543352b0
py-autodoc,tests/test_autodoc.py::TestAutodoc::test_parse_responses,SHA: a31c36bb19da26931424ee7e118daae5543352b0
py-autodoc,tests/test_autodoc.py::TestAutodoc::test_parse_responses,SHA: a31c36bb19da26931424ee7e118daae5543352b0
py-autodoc,tests/test_autodoc.py::TestAutodoc::test_parse_responses,SHA: a31c36bb19da26931424ee7e118daae5543352b0
py-autodoc,tests/test_autodoc.py::TestAutodoc::test_parse_responses,SHA: a31c36bb19da26931424ee7e118daae5543352b0
py-autodoc,tests/test_autodoc.py::TestAutodoc::test_parse_responses,SHA: a31c36bb19da26931424ee7e118daae5543352b0
py-autodoc,tests/test_autodoc.py::TestAutodoc::test_parse_responses,SHA: a31c36bb19da26931424ee7e118daae5543352b0
py-autodoc,tests/test_autodoc.py::TestAutodoc::test_parse_responses,SHA: a31c36bb19da26931424ee7e118daae5543352b0
py-autodoc,tests/test_autodoc.py::TestAutodoc::test_parse_responses,SHA: a31c36bb19da26931424ee7e118daae5543352b0
py-autodoc,tests/test_autodoc.py::TestAutodoc::test_parse_responses,SHA: a31c36bb19da26931424ee7e118daae5543352b0
py-autodoc,tests/test_autodoc.py::TestAutodoc::test_parse_responses,SHA: a31c36bb19da26931424ee7e118daae5543352b0
py-autodoc,tests/test_autodoc.py::TestAutodoc::test_parse_responses,SHA: a31c36bb19da26931424ee7e118daae5543352b0
py-autodoc,tests/test_autodoc.py::TestAutodoc::test_parse_responses,SHA: a31c36bb19da26931424ee7e118daae5543352b0
py-autodoc,tests/test_autodoc.py::TestAutodoc::test_parse_responses,SHA: a31c36bb19da26931424ee7e118daae5543352b0
py-autodoc,tests/test_autodoc.py::TestAutodoc::test_should_change_separators,SHA: a31c36bb19da26931424ee7e118daae5543352b0
autoyaml,tests/autoyaml_test.py::TestAutoyamlMethods::test_b_decrypt_config,SHA: f49d760969fd4f18d2cd9d22e2b56e420e1f0cda
basic_auth,tests/test_basic.py::test_verify_config,SHA: 622f2133c13988cec549f4ea55bed14e50f90876
bottle-neck,test/test_routing.py::test_router_mount_pass,SHA: ebc670a4b178255473d68e9b4122ba04e38f4810
carbonize,tests/test_api.py::TestFootprint::test_flight_two_way,SHA: 891d1d07ca2e9cc48ca5b609da292dce2e574c7e
centreon-sdk-python,tests/test_command.py::TestCommands::test_command_list,SHA: 9f207d5458afc3304e24f16988069467b19eab81
centreon-sdk-python,tests/test_command.py::TestCommands::test_command_not_exist,SHA: 9f207d5458afc3304e24f16988069467b19eab81
centreon-sdk-python,tests/test_command.py::TestCommands::test_command_setparam,SHA: 9f207d5458afc3304e24f16988069467b19eab81
centreon-sdk-python,tests/test_hosts.py::TestHosts::test_hosts_list,SHA: 9f207d5458afc3304e24f16988069467b19eab81
centreon-sdk-python,tests/test_hosts.py::TestHosts::test_hosts_not_exist,SHA: 9f207d5458afc3304e24f16988069467b19eab81
centreon-sdk-python,tests/test_resourcecfg.py::TestResourceCFG::test_resourcecfg_building_line,SHA: 9f207d5458afc3304e24f16988069467b19eab81
centreon-sdk-python,tests/test_resourcecfg.py::TestResourceCFG::test_resourcecfg_get_one,SHA: 9f207d5458afc3304e24f16988069467b19eab81
centreon-sdk-python,tests/test_resourcecfg.py::TestResourceCFG::test_resourcecfg_not_exist,SHA: 9f207d5458afc3304e24f16988069467b19eab81
centreon-sdk-python,tests/test_resourcecfg.py::TestResourceCFG::test_resourcecfg_setparam,SHA: 9f207d5458afc3304e24f16988069467b19eab81
cloudnetpy,tests/unit/test_classify.py::TestFindRain::test_3,SHA: 26f2607b890630146469cfa410fce99438ceee3f
coinbase-commerce-python,tests/test_api_client.py::TestApiClient::test_authentication_ERROR,
coinbase-commerce-python,tests/test_api_client.py::TestApiClient::test_invalid_request_ERROR,
coinbase-commerce-python,tests/test_api_client.py::TestApiClient::test_resource_not_found_ERROR,
compilertools,tests/test_build.py::tests_patch___new__,SHA: f4375238937384a0400cfc618d3b18fc6e7233a9
configparse,test/test_all.py::test_positional,SHA: 75c62839a6e288b4a994df50466cc09989f48857
configparse,test/test_all.py::test_positional,SHA: 75c62839a6e288b4a994df50466cc09989f48857
configparse,test/test_all.py::test_positional,SHA: 75c62839a6e288b4a994df50466cc09989f48857
easy_python_requirements,test/test_mock_functions.py::test_mock_class_update,SHA: 2bf905f34065637cbc781d17d8e5806892fb66d5
ecs-crd-cli,tests/test_prepareDeploymentServiceDefinitionStep.py::test_process_application_autoscaling_scalable_target_max_capacity_invalid,SHA: f1421055be0b2b25e5334aef277d27bc30f161e5
fooof,fooof/tests/objs/test_fit.py::test_fooof_fit_knee,SHA: b2a57cd05d0cc7a3d6cc6fdbb3d50fcd6b243065
fooof,fooof/tests/objs/test_fit.py::test_fooof_fit_nk,SHA: b2a57cd05d0cc7a3d6cc6fdbb3d50fcd6b243065
fooof,fooof/tests/utils/test_download.py::test_check_data_file,SHA: b2a57cd05d0cc7a3d6cc6fdbb3d50fcd6b243065
json-storage-manager,tests/test_main.py::test_get_item,SHA: c7521fc4a576cf23a8c2454106bed6fb8c951b8d
json-storage-manager,tests/test_main.py::test_set_item_fail,SHA: c7521fc4a576cf23a8c2454106bed6fb8c951b8d
json-storage-manager,tests/test_main.py::test_update_item,SHA: c7521fc4a576cf23a8c2454106bed6fb8c951b8d
krllint,tests/test_extraneous_whitespace.py::ExtraneousWhiteSpaceTestCase::test_rule_with_fix,SHA: 2f9376cdae14c201364d9c31b4c19a8ff2f708d2
krllint,tests/test_extraneous_whitespace.py::ExtraneousWhiteSpaceTestCase::test_rule_without_fix,SHA: 2f9376cdae14c201364d9c31b4c19a8ff2f708d2
krllint,tests/test_indentation_checker.py::IndentationCheckerTestCase::test_rule_with_fix,SHA: 2f9376cdae14c201364d9c31b4c19a8ff2f708d2
krllint,tests/test_lower_or_mixed_case_built_in_type.py::LowerOrMixedCaseBuiltInTestCase::test_rule_with_fix,SHA: 2f9376cdae14c201364d9c31b4c19a8ff2f708d2
krllint,tests/test_lower_or_mixed_case_built_in_type.py::LowerOrMixedCaseBuiltInTestCase::test_rule_without_fix,SHA: 2f9376cdae14c201364d9c31b4c19a8ff2f708d2
krllint,tests/test_open_task.py::OpenTaskTestCase::test_rule_with_fix,SHA: 2f9376cdae14c201364d9c31b4c19a8ff2f708d2
krllint,tests/test_open_task.py::OpenTaskTestCase::test_rule_without_fix,SHA: 2f9376cdae14c201364d9c31b4c19a8ff2f708d2
krllint,tests/test_trailing_white_space_rule.py::TrailingWhiteSpaceTestCase::test_rule_with_fix,SHA: 2f9376cdae14c201364d9c31b4c19a8ff2f708d2
krllint,tests/test_trailing_white_space_rule.py::TrailingWhiteSpaceTestCase::test_rule_without_fix,SHA: 2f9376cdae14c201364d9c31b4c19a8ff2f708d2
lithoxyl,lithoxyl/tests/test_stats.py::test_acc_random,SHA: b4bfa92c54df85b4bd5935fe270e2aa3fb25c412
logx,tests/test_logx.py::test_set_format,SHA: c53fabbc160fb8d70fa878684ea36f0c22fd5caa
multiindex,multiindex/tests/test_multiindex.py::test_remove,SHA: b631e60bd47558eca9067a0dc87f0e713cddc6f2
neon,tests/basic_tests.py::test_dont_memoize,SHA: 42ad78e3d79583a93abce6d06b81dafc29017514
neurodsp,neurodsp/tests/utils/test_download.py::test_check_data_file,SHA: b6d9ee75810add0b62eb63cb807ac0cd9417f22c
nodal,tests/nodal/test_graph.py::TestGraph::test__on_node_create,SHA: 261eeefd50298765c5722c5f7da72e6f2927bd3e
nodal,tests/nodal/test_graph.py::TestGraph::test__on_node_destroy,SHA: 261eeefd50298765c5722c5f7da72e6f2927bd3e
parse_it,test/test_prase_it.py::BaseTests::test_parser_read_all_configuration_variables_raise_allowed_types_ERROR,
pydbvolve,tests/unittests/test_00_initialization.py::test_09_get_migration_table_schema,SHA: e18bb8cf98997c52de0cf30a8e106c480ba0bb57
pydbvolve,tests/unittests/test_00_initialization.py::test_13_pre_config,SHA: e18bb8cf98997c52de0cf30a8e106c480ba0bb57
pyserverpilot,tests/test_app.py::TestApp::test_add_ssl,SHA: a218ea9cf03d25c96fd3c2053f412472696861c4
pyserverpilot,tests/test_app.py::TestApp::test_get_app,SHA: a218ea9cf03d25c96fd3c2053f412472696861c4
pyserverpilot,tests/test_app.py::TestApp::test_update_app_validation,SHA: a218ea9cf03d25c96fd3c2053f412472696861c4
pyserverpilot,tests/test_db.py::TestDb::test_get_db,SHA: a218ea9cf03d25c96fd3c2053f412472696861c4
pyserverpilot,tests/test_db.py::TestDb::test_update_db,SHA: a218ea9cf03d25c96fd3c2053f412472696861c4
pysllo,tests/test_propagation_logger.py::test_forcing_level_by_dict,SHA: 8bc4d17f9a668e9aff3c77f688f0c06ed2e7686b
python-n26,tests/test_cards.py::CardsTests::test_block_card_cli_all,SHA: 082e359af66654047cdf6165d86de2008450d171
python-n26,tests/test_cards.py::CardsTests::test_block_card_cli_single,SHA: 082e359af66654047cdf6165d86de2008450d171
python-n26,tests/test_cards.py::CardsTests::test_unblock_card_cli_single,SHA: 082e359af66654047cdf6165d86de2008450d171
python-resource-container,tests/container_test.py::TestResourceContainer::test_should_fail_to_load_missing_rc,SHA: 64d87f900af969f47b20b798cf00c2861435b0d8
python-resource-container,tests/container_test.py::TestResourceContainer::test_should_load_a_missing_rc_when_not_in_strict_mode,SHA: 64d87f900af969f47b20b798cf00c2861435b0d8
redisqueue,tests/test_redisqueue.py::test_mock_queue_get_put_same_task,SHA: feac4dfc30837e0ab1a55a8479443ea74b2793f2
redisqueue,tests/test_redisqueue.py::test_mock_queue_put_get,SHA: feac4dfc30837e0ab1a55a8479443ea74b2793f2
redisqueue,tests/test_redisqueue.py::test_mock_queue_unique,SHA: feac4dfc30837e0ab1a55a8479443ea74b2793f2
riemann,riemann/tests/encoding/test_addresses.py::TestAddresses::test_make_p2sh_address_msig,SHA: 9e6dbaaf1b339594c0c0d55b2db6e96d7e3f12c4
riemann,riemann/tests/test_simple.py::TestSimple::test_unsigned_witness_tx,SHA: 9e6dbaaf1b339594c0c0d55b2db6e96d7e3f12c4
riemann,riemann/tests/tx/test_tx_builder.py::TestTxBuilder::test_make_pkh_output_script,SHA: 9e6dbaaf1b339594c0c0d55b2db6e96d7e3f12c4
serpextract,tests/test_serps.py::TestSERPs::test_custom_parser_implicit,SHA: e156430b32eb833686820f490dbcdd989f27baa2
serpextract,tests/test_serps.py::TestSERPs::test_custom_parser_implicit,SHA: e156430b32eb833686820f490dbcdd989f27baa2
skipper,tests/test_cli.py::TestCLI::test_make_without_build_container_tag,SHA: 0f1984622c7364756d6815c920d23dadea9d000d
skipper,tests/test_cli.py::TestCLI::test_run_without_build_container_tag,SHA: 0f1984622c7364756d6815c920d23dadea9d000d
skipper,tests/test_cli.py::TestCLI::test_run_without_build_container_tag_cached,SHA: 0f1984622c7364756d6815c920d23dadea9d000d
tunacell,tunacell/tests/test_observable.py::test_observable_str,SHA: 837d57e1e6caeddf2e6bcdd2db2986fb456dd605
ucal,tests/test_ucal.py::TestSyntax::test_function_ln,SHA: 5f0af9a8b14796eaec3129b352f23ce67a2eb686
ucal,tests/test_ucal.py::TestSyntax::test_function_log,SHA: 5f0af9a8b14796eaec3129b352f23ce67a2eb686
wopmars,wopmars/tests/test_wopmars.py::TestWopmars::test_dry_run,SHA: afc5d97d22146fbd48414e8a71826ace447ece8a
